{"cameraMode":{"drawMode":0,"name":"Shaded","section":"Shading Mode"},"sceneLighting":true,"audioPlay":false,"sceneViewState":{"m_AlwaysRefresh":false,"showFog":true,"showSkybox":true,"showFlares":true,"showImageEffects":true,"showParticleSystems":true,"showVisualEffectGraphs":true,"m_FxEnabled":true},"in2DMode":false,"pivot":{"x":-25.298917770385743,"y":4.535678386688232,"z":-7.349895477294922},"rotation":{"x":-0.1801498532295227,"y":-0.062474239617586139,"z":0.011515715159475804,"w":-0.9816742539405823},"size":0.7755579948425293,"orthographic":false}